<templates>
    <div t-extend="sale_stock.QtyDetailPopOver">
        <t t-jquery=".action_open_forecast" t-operation="replace"/>
        <t t-jquery="tbody" t-operation='replace'>
            <tbody>
                <t t-if="!data.is_mto and ['draft', 'sent'].includes(data.state)">
                    <t t-if="!qty_per_location">
                        <tr>
                            <td ><t t-esc="name"/></td>
                            <td ><t t-esc="qty_available"/></td>
                        </tr>
                        <tr>
                            <td><strong>Forecasted Stock</strong><br /><small>On <span t-esc="data.delivery_date"/></small></td>
                            <td><b t-esc='data.virtual_available_at_date'/>
                            <t t-esc='data.product_uom.data.display_name'/></td>
                        </tr>
                        <tr>
                            <td><strong>Available</strong><br /><small>All planned operations included</small></td>
                            <td><b t-esc='data.free_qty_today' t-att-class="!data.will_be_fulfilled ? 'text-danger': ''"/>
                            <t t-esc='data.product_uom.data.display_name'/></td>
                        </tr>
                    </t>
                    <t t-else="">
                        <tr>
                            <td><strong>Location</strong></td>
                            <td style="text-align: right;"><strong>Quantity</strong></td>
                        </tr>
                        <t t-foreach="qty_per_location" t-as="line">
                            <tr>
                                <td><span><t t-esc="line.name"/></span></td>
                                <td style="text-align: right;">
                                    <t t-if="line.visible and line.qty &gt; 0">
                                        <t t-esc='line.qty'/> <t t-esc='uom'/>
                                    </t>
                                    <t t-elif="!line.visible and line.qty &gt; 0 ">
                                        Disponible
                                    </t>
                                    <t t-else="">
                                        NO DISPONIBLE
                                    </t>
                                </td>
                            </tr>
                        </t>
                    </t>
                </t>
                <t t-elif="data.is_mto and ['draft', 'sent'].includes(data.state)">
                    <tr>
                        <td><strong>Expected Delivery</strong></td>
                        <td class="oe-right"><span t-esc="data.delivery_date"/></td>
                    </tr>
                    <tr>
                        <p>This product is replenished on demand.</p>
                    </tr>
                </t>
                <t t-elif="data.state == 'sale'">
                    <tr>
                        <td>
                            <strong>Reserved</strong><br/>
                        </td>
                        <td style="min-width: 50px; text-align: right;">
                            <b t-esc='data.qty_available_today'/> <t t-esc='data.product_uom.data.display_name'/>
                        </td>
                    </tr>
                    <tr t-if="data.qty_available_today &lt; data.qty_to_deliver">
                        <td>
                            <span t-if="data.will_be_fulfilled and data.forecast_expected_date_str">
                                Remaining demand available at <b t-esc="data.forecast_expected_date_str" t-att-class="data.scheduled_date &lt; data.forecast_expected_date ? 'text-danger' : ''"/>
                            </span>
                            <span t-elif="!data.will_be_fulfilled and data.forecast_expected_date_str" class="text-danger">
                                No enough future availaibility
                            </span>
                            <span t-elif="!data.will_be_fulfilled" class="text-danger">
                                No future availaibility
                            </span>
                            <span t-else="">
                                Available in stock
                            </span>
                        </td>
                    </tr>
                </t>

            </tbody>
        </t>

        <t t-jquery="table[class='table table-borderless table-sm']" t-operation='after'>
            <t t-if="pricelist_items">
                <table class="table table-borderless table-sm custom">
                    <tbody>
                        <tr>
                            <td><strong>Pricelist</strong></td>
                            <td style="text-align: right;"><strong>Min. Quantity</strong></td>
                            <td style="text-align: right;"><strong>Fixed Price</strong></td>
                        </tr>
                        <t t-foreach="pricelist_items" t-as="line">
                            <tr>
                                <td><b><t t-esc='line.name'/></b></td>
                                <td style="text-align: right;"><t t-esc='line.min_quantity'/></td>
                                <td style="text-align: right;"><t t-esc='line.fixed_price'/></td>
                            </tr>
                        </t>
                    </tbody>
                </table>
            </t>
        </t>
    </div>
</templates>
